{
  "group1": [
    "pd_t1_10.mat",
    "pd_10.png",
    "t1_10.png"
  ],
  "group2": [
    "pd_t1_101.mat",
    "pd_101.png",
    "t1_101.png"
  ],
  "group3": [
    "pd_t1_103.mat",
    "pd_103.png",
    "t1_103.png"
  ],
  "group4": [
    "pd_t1_126.mat",
    "pd_126.png",
    "t1_126.png"
  ],
  "group5": [
    "pd_t1_14.mat",
    "pd_14.png",
    "t1_14.png"
  ],
  "group6": [
    "pd_t1_146.mat",
    "pd_146.png",
    "t1_146.png"
  ],
  "group7": [
    "pd_t1_24.mat",
    "pd_24.png",
    "t1_24.png"
  ],
  "group8": [
    "pd_t1_58.mat",
    "pd_58.png",
    "t1_58.png"
  ],
  "group9": [
    "pd_t1_66.mat",
    "pd_66.png",
    "t1_66.png"
  ],
  "group10": [
    "pd_t1_80.mat",
    "pd_80.png",
    "t1_80.png"
  ]
}