{
  "group1": [
    "Retina_101.mat",
    "RetinaFix_101.png",
    "RetinaMove_101.png"
  ],
  "group2": [
    "Retina_102.mat",
    "RetinaFix_102.png",
    "RetinaMove_102.png"
  ],
  "group3": [
    "Retina_104.mat",
    "RetinaFix_104.png",
    "RetinaMove_104.png"
  ],
  "group4": [
    "Retina_24.mat",
    "RetinaFix_24.png",
    "RetinaMove_24.png"
  ],
  "group5": [
    "Retina_27.mat",
    "RetinaFix_27.png",
    "RetinaMove_27.png"
  ],
  "group6": [
    "Retina_32.mat",
    "RetinaFix_32.png",
    "RetinaMove_32.png"
  ],
  "group7": [
    "Retina_34.mat",
    "RetinaFix_34.png",
    "RetinaMove_34.png"
  ],
  "group8": [
    "Retina_38.mat",
    "RetinaFix_38.png",
    "RetinaMove_38.png"
  ],
  "group9": [
    "Retina_43.mat",
    "RetinaFix_43.png",
    "RetinaMove_43.png"
  ],
  "group10": [
    "Retina_52.mat",
    "RetinaFix_52.png",
    "RetinaMove_52.png"
  ],
  "group11": [
    "Retina_55.mat",
    "RetinaFix_55.png",
    "RetinaMove_55.png"
  ],
  "group12": [
    "Retina_58.mat",
    "RetinaFix_58.png",
    "RetinaMove_58.png"
  ],
  "group13": [
    "Retina_67.mat",
    "RetinaFix_67.png",
    "RetinaMove_67.png"
  ],
  "group14": [
    "Retina_68.mat",
    "RetinaFix_68.png",
    "RetinaMove_68.png"
  ],
  "group15": [
    "Retina_73.mat",
    "RetinaFix_73.png",
    "RetinaMove_73.png"
  ],
  "group16": [
    "Retina_80.mat",
    "RetinaFix_80.png",
    "RetinaMove_80.png"
  ],
  "group17": [
    "Retina_84.mat",
    "RetinaFix_84.png",
    "RetinaMove_84.png"
  ],
  "group18": [
    "Retina_86.mat",
    "RetinaFix_86.png",
    "RetinaMove_86.png"
  ],
  "group19": [
    "Retina_88.mat",
    "RetinaFix_88.png",
    "RetinaMove_88.png"
  ],
  "group20": [
    "Retina_89.mat",
    "RetinaFix_89.png",
    "RetinaMove_89.png"
  ],
  "group21": [
    "Retina_91.mat",
    "RetinaFix_91.png",
    "RetinaMove_91.png"
  ],
  "group22": [
    "Retina_92.mat",
    "RetinaFix_92.png",
    "RetinaMove_92.png"
  ],
  "group23": [
    "Retina_93.mat",
    "RetinaFix_93.png",
    "RetinaMove_93.png"
  ]
}