{
  "group1": [
    "DO1.mat",
    "DO1a.png",
    "DO1b.png"
  ],
  "group2": [
    "DO2.mat",
    "DO2a.png",
    "DO2b.png"
  ],
  "group3": [
    "DO3.mat",
    "DO3a.png",
    "DO3b.png"
  ],
  "group4": [
    "DO4.mat",
    "DO4a.png",
    "DO4b.png"
  ],
  "group5": [
    "DO5.mat",
    "DO5a.png",
    "DO5b.png"
  ],
  "group6": [
    "DO6.mat",
    "DO6a.png",
    "DO6b.png"
  ],
  "group7": [
    "DO7.mat",
    "DO7a.png",
    "DO7b.png"
  ],
  "group8": [
    "DO8.mat",
    "DO8a.png",
    "DO8b.png"
  ]
}





