{
  "group1": [
    "SPECT_CT_1.mat",
    "SPECT_1.png",
    "CT_1.png"
  ],
  "group2": [
    "SPECT_CT_2.mat",
    "SPECT_2.png",
    "CT_2.png"
  ],
  "group3": [
    "SPECT_CT_3.mat",
    "SPECT_3.png",
    "CT_3.png"
  ],
  "group4": [
    "SPECT_CT_4.mat",
    "SPECT_4.png",
    "CT_4.png"
  ],
  "group5": [
    "SPECT_CT_5.mat",
    "SPECT_5.png",
    "CT_5.png"
  ],
  "group6": [
    "SPECT_CT_6.mat",
    "SPECT_6.png",
    "CT_6.png"
  ],
  "group7": [
    "SPECT_CT_7.mat",
    "SPECT_7.png",
    "CT_7.png"
  ],
  "group8": [
    "SPECT_CT_8.mat",
    "SPECT_8.png",
    "CT_8.png"
  ],
  "group9": [
    "SPECT_CT_9.mat",
    "SPECT_9.png",
    "CT_9.png"
  ],
  "group10": [
    "SPECT_CT_10.mat",
    "SPECT_10.png",
    "CT_10.png"
  ]
}