{
  "group1": [
    "MRI_PET_1.mat",
    "MRI_1.png",
    "PET_1.png"
  ],
  "group2": [
    "MRI_PET_2.mat",
    "MRI_2.png",
    "PET_2.png"
  ],
  "group3": [
    "MRI_PET_3.mat",
    "MRI_3.png",
    "PET_3.png"
  ],
  "group4": [
    "MRI_PET_4.mat",
    "MRI_4.png",
    "PET_4.png"
  ],
  "group5": [
    "MRI_PET_5.mat",
    "MRI_5.png",
    "PET_5.png"
  ],
  "group6": [
    "MRI_PET_6.mat",
    "MRI_6.png",
    "PET_6.png"
  ],
  "group7": [
    "MRI_PET_7.mat",
    "MRI_7.png",
    "PET_7.png"
  ],
  "group8": [
    "MRI_PET_8.mat",
    "MRI_8.png",
    "PET_8.png"
  ],
  "group9": [
    "MRI_PET_9.mat",
    "MRI_9.png",
    "PET_9.png"
  ],
  "group10": [
    "MRI_PET_10.mat",
    "MRI_10.png",
    "PET_10.png"
  ]
}
