{
  "group1": [
    "pd_t2_10.mat",
    "pd_10.png",
    "t2_10.png"
  ],
  "group2": [
    "pd_t2_101.mat",
    "pd_101.png",
    "t2_101.png"
  ],
  "group3": [
    "pd_t2_103.mat",
    "pd_103.png",
    "t2_103.png"
  ],
  "group4": [
    "pd_t2_126.mat",
    "pd_126.png",
    "t2_126.png"
  ],
  "group5": [
    "pd_t2_14.mat",
    "pd_14.png",
    "t2_14.png"
  ],
  "group6": [
    "pd_t2_146.mat",
    "pd_146.png",
    "t2_146.png"
  ],
  "group7": [
    "pd_t2_24.mat",
    "pd_24.png",
    "t2_24.png"
  ],
  "group8": [
    "pd_t2_58.mat",
    "pd_58.png",
    "t2_58.png"
  ],
  "group9": [
    "pd_t2_66.mat",
    "pd_66.png",
    "t2_66.png"
  ],
  "group10": [
    "pd_t2_80.mat",
    "pd_80.png",
    "t2_80.png"
  ]
}